{
    "rmse": 0.685195466695652,
    "mae": 0.5283382474236217,
    "r2": 0.27930411861304627
}