{
    "rmse": 0.6664623814288498,
    "mae": 0.5076633814813405,
    "r2": 0.2828704648075663
}